0,15.4インチMacBook Pro 2.3GHz 8コアIntel Core i9 Retinaディスプレイモデル - スペースグレイ [整備済製品]
1,15.4インチMacBook Pro 2.3GHz 8コアIntel Core i9 RetinaディスプレイおよびRadeon Pro Vega 20搭載モデル - シルバー [整備済製品]
2,15.4インチMacBook Pro 2.4GHz 8コアIntel Core i9 Retinaディスプレイモデル - スペースグレイ [整備済製品]
3,15.4インチMacBook Pro 2.3GHz 8コアIntel Core i9 RetinaディスプレイおよびRadeon Pro Vega 16搭載モデル - シルバー [整備済製品]
4,15.4インチMacBook Pro 2.3GHz 8コアIntel Core i9 RetinaディスプレイおよびRadeon Pro Vega 16搭載モデル - スペースグレイ [整備済製品]
5,15.4インチMacBook Pro 2.3GHz 8コアIntel Core i9 RetinaディスプレイおよびRadeon Pro Vega 20搭載モデル - スペースグレイ [整備済製品]
6,15.4インチMacBook Pro 2.3GHz 8コアIntel Core i9 RetinaディスプレイおよびRadeon Pro Vega 20搭載モデル - シルバー [整備済製品]
7,15.4インチMacBook Pro 2.4GHz 8コアIntel Core i9 RetinaディスプレイおよびRadeon Pro Vega 20搭載モデル - シルバー [整備済製品]
8,15.4インチMacBook Pro 2.4GHz 8コアIntel Core i9 RetinaディスプレイおよびRadeon Pro Vega 20搭載モデル - スペースグレイ [整備済製品]
9,15.4インチMacBook Pro 2.4GHz 8コアIntel Core i9 Retinaディスプレイモデル - スペースグレイ [整備済製品]
10,15.4インチMacBook Pro 2.3GHz 8コアIntel Core i9 RetinaディスプレイおよびRadeon Pro Vega 20搭載モデル - シルバー [整備済製品]
11,15.4インチMacBook Pro 2.4GHz 8コアIntel Core i9 RetinaディスプレイおよびRadeon Pro Vega 20搭載モデル - スペースグレイ [整備済製品]
12,15.4インチMacBook Pro 2.4GHz 8コアIntel Core i9 RetinaディスプレイおよびRadeon Pro Vega 20搭載モデル - スペースグレイ [整備済製品]
13,15.4インチMacBook Pro 2.3GHz 8コアIntel Core i9 RetinaディスプレイおよびRadeon Pro Vega 20搭載モデル - スペースグレイ [整備済製品]
14,15.4インチMacBook Pro 2.4GHz 8コアIntel Core i9 RetinaディスプレイおよびRadeon Pro Vega 20搭載モデル - シルバー [整備済製品]
15,15.4インチMacBook Pro 2.4GHz 8コアIntel Core i9 RetinaディスプレイおよびRadeon Pro Vega 20搭載モデル - スペースグレイ [整備済製品]
